{
  "project_info": {
    "project_number": "745101729942",
    "firebase_url": "https://fluttershop-b1d69.firebaseio.com",
    "project_id": "fluttershop-b1d69",
    "storage_bucket": "fluttershop-b1d69.appspot.com"
  },
  "client": [
    {
      "client_info": {
        "mobilesdk_app_id": "1:745101729942:android:57940263f6d1de3272a2b7",
        "android_client_info": {
          "package_name": "com.example.flutter_shop"
        }
      },
      "oauth_client": [
        {
          "client_id": "745101729942-gu35qjrmrq6aa5ed6frjokfccj4senkv.apps.googleusercontent.com",
          "client_type": 3
        }
      ],
      "api_key": [
        {
          "current_key": "AIzaSyCOAUfnVjFrvyfJvmuCNbVTsNE4mRhpvlo"
        }
      ],
      "services": {
        "appinvite_service": {
          "other_platform_oauth_client": [
            {
              "client_id": "745101729942-gu35qjrmrq6aa5ed6frjokfccj4senkv.apps.googleusercontent.com",
              "client_type": 3
            }
          ]
        }
      }
    }
  ],
  "configuration_version": "1"
}